[{"model": "contenttypes.contenttype", "pk": 1, "fields": {"app_label": "admin", "model": "logentry"}}, {"model": "contenttypes.contenttype", "pk": 2, "fields": {"app_label": "auth", "model": "permission"}}, {"model": "contenttypes.contenttype", "pk": 3, "fields": {"app_label": "auth", "model": "group"}}, {"model": "contenttypes.contenttype", "pk": 4, "fields": {"app_label": "auth", "model": "user"}}, {"model": "contenttypes.contenttype", "pk": 5, "fields": {"app_label": "contenttypes", "model": "contenttype"}}, {"model": "contenttypes.contenttype", "pk": 6, "fields": {"app_label": "sessions", "model": "session"}}, {"model": "contenttypes.contenttype", "pk": 7, "fields": {"app_label": "blog", "model": "blog"}}, {"model": "contenttypes.contenttype", "pk": 8, "fields": {"app_label": "blog", "model": "blogtype"}}, {"model": "contenttypes.contenttype", "pk": 9, "fields": {"app_label": "blog", "model": "readnum"}}, {"model": "contenttypes.contenttype", "pk": 10, "fields": {"app_label": "read_statistics", "model": "readnum"}}, {"model": "contenttypes.contenttype", "pk": 11, "fields": {"app_label": "read_statistics", "model": "readdetail"}}, {"model": "contenttypes.contenttype", "pk": 12, "fields": {"app_label": "comment", "model": "comment"}}, {"model": "contenttypes.contenttype", "pk": 13, "fields": {"app_label": "likes", "model": "likecount"}}, {"model": "contenttypes.contenttype", "pk": 14, "fields": {"app_label": "likes", "model": "likerecord"}}, {"model": "contenttypes.contenttype", "pk": 15, "fields": {"app_label": "user", "model": "profile"}}, {"model": "sessions.session", "pk": "0jento0ujovnunbtlhs2suhs07q2a0rl", "fields": {"session_data": "NTk1N2NmMjkwYmQ1ZDkyZmM4MzZlNTBmNGU2MzI2MWQ1OWVjYjBjNzp7Il9hdXRoX3VzZXJfaWQiOiIxIiwiX2F1dGhfdXNlcl9iYWNrZW5kIjoiZGphbmdvLmNvbnRyaWIuYXV0aC5iYWNrZW5kcy5Nb2RlbEJhY2tlbmQiLCJfYXV0aF91c2VyX2hhc2giOiI1MGU5YzkwNGIyNGQwZDYwODE5OTliYmEyNDNlY2I0NzcwMmJhN2ViIn0=", "expire_date": "2021-07-16T05:53:23.409Z"}}, {"model": "sessions.session", "pk": "4rlsvks13ijy3p2aty9s2odfwjw3ooc4", "fields": {"session_data": "NTk1N2NmMjkwYmQ1ZDkyZmM4MzZlNTBmNGU2MzI2MWQ1OWVjYjBjNzp7Il9hdXRoX3VzZXJfaWQiOiIxIiwiX2F1dGhfdXNlcl9iYWNrZW5kIjoiZGphbmdvLmNvbnRyaWIuYXV0aC5iYWNrZW5kcy5Nb2RlbEJhY2tlbmQiLCJfYXV0aF91c2VyX2hhc2giOiI1MGU5YzkwNGIyNGQwZDYwODE5OTliYmEyNDNlY2I0NzcwMmJhN2ViIn0=", "expire_date": "2021-07-23T06:13:55.780Z"}}, {"model": "sessions.session", "pk": "qw5oftaqsq78qsvis5ammszf0g51j9xu", "fields": {"session_data": "NTk1N2NmMjkwYmQ1ZDkyZmM4MzZlNTBmNGU2MzI2MWQ1OWVjYjBjNzp7Il9hdXRoX3VzZXJfaWQiOiIxIiwiX2F1dGhfdXNlcl9iYWNrZW5kIjoiZGphbmdvLmNvbnRyaWIuYXV0aC5iYWNrZW5kcy5Nb2RlbEJhY2tlbmQiLCJfYXV0aF91c2VyX2hhc2giOiI1MGU5YzkwNGIyNGQwZDYwODE5OTliYmEyNDNlY2I0NzcwMmJhN2ViIn0=", "expire_date": "2021-08-09T02:51:42.058Z"}}, {"model": "sessions.session", "pk": "y1cmyo9mkxl76ym0xy0c59cdq5xphlsx", "fields": {"session_data": "Zjc4Y2YwYzQyMWI0OTY4OGI5Njk3YmYzMzc5MjJmNDgwZGI3NzAwZjp7Il9hdXRoX3VzZXJfaWQiOiIxIiwiX2F1dGhfdXNlcl9iYWNrZW5kIjoiZGphbmdvLmNvbnRyaWIuYXV0aC5iYWNrZW5kcy5Nb2RlbEJhY2tlbmQiLCJfYXV0aF91c2VyX2hhc2giOiJlZTY3ZmQ1YmZiMzg1ZTFiM2YyMTU2ZTZmN2QxYWYxOGM4MmMyMjYyIn0=", "expire_date": "2021-07-02T03:45:22.813Z"}}, {"model": "blog.blogtype", "pk": 1, "fields": {"type_name": "Django"}}, {"model": "blog.blogtype", "pk": 2, "fields": {"type_name": "\u968f\u7b14"}}, {"model": "blog.blogtype", "pk": 3, "fields": {"type_name": "\u611f\u609f"}}, {"model": "read_statistics.readnum", "pk": 1, "fields": {"read_num": 29, "content_type": 7, "object_id": 64}}, {"model": "read_statistics.readnum", "pk": 2, "fields": {"read_num": 4, "content_type": 7, "object_id": 59}}, {"model": "read_statistics.readnum", "pk": 3, "fields": {"read_num": 1, "content_type": 7, "object_id": 51}}, {"model": "read_statistics.readnum", "pk": 4, "fields": {"read_num": 1, "content_type": 7, "object_id": 52}}, {"model": "read_statistics.readnum", "pk": 5, "fields": {"read_num": 1, "content_type": 7, "object_id": 50}}, {"model": "read_statistics.readnum", "pk": 6, "fields": {"read_num": 5, "content_type": 7, "object_id": 63}}, {"model": "read_statistics.readnum", "pk": 7, "fields": {"read_num": 4, "content_type": 7, "object_id": 62}}, {"model": "read_statistics.readnum", "pk": 8, "fields": {"read_num": 1, "content_type": 7, "object_id": 41}}, {"model": "read_statistics.readnum", "pk": 9, "fields": {"read_num": 5, "content_type": 7, "object_id": 61}}, {"model": "read_statistics.readnum", "pk": 10, "fields": {"read_num": 1, "content_type": 7, "object_id": 3}}, {"model": "read_statistics.readnum", "pk": 11, "fields": {"read_num": 4, "content_type": 7, "object_id": 60}}, {"model": "read_statistics.readdetail", "pk": 1, "fields": {"date": "2021-07-01", "read_num": 64, "content_type": 7, "object_id": 64}}, {"model": "read_statistics.readdetail", "pk": 2, "fields": {"date": "2021-07-02", "read_num": 1, "content_type": 7, "object_id": 60}}, {"model": "read_statistics.readdetail", "pk": 3, "fields": {"date": "2021-07-02", "read_num": 1, "content_type": 7, "object_id": 59}}, {"model": "read_statistics.readdetail", "pk": 4, "fields": {"date": "2021-07-02", "read_num": 1, "content_type": 7, "object_id": 62}}, {"model": "read_statistics.readdetail", "pk": 5, "fields": {"date": "2021-07-04", "read_num": 1, "content_type": 7, "object_id": 64}}, {"model": "read_statistics.readdetail", "pk": 6, "fields": {"date": "2021-07-05", "read_num": 1, "content_type": 7, "object_id": 61}}, {"model": "read_statistics.readdetail", "pk": 7, "fields": {"date": "2021-07-06", "read_num": 2, "content_type": 7, "object_id": 64}}, {"model": "read_statistics.readdetail", "pk": 8, "fields": {"date": "2021-07-06", "read_num": 1, "content_type": 7, "object_id": 63}}, {"model": "read_statistics.readdetail", "pk": 9, "fields": {"date": "2021-07-07", "read_num": 1, "content_type": 7, "object_id": 64}}, {"model": "read_statistics.readdetail", "pk": 10, "fields": {"date": "2021-07-09", "read_num": 2, "content_type": 7, "object_id": 64}}, {"model": "read_statistics.readdetail", "pk": 11, "fields": {"date": "2021-07-13", "read_num": 1, "content_type": 7, "object_id": 64}}, {"model": "read_statistics.readdetail", "pk": 12, "fields": {"date": "2021-07-13", "read_num": 1, "content_type": 7, "object_id": 63}}, {"model": "read_statistics.readdetail", "pk": 13, "fields": {"date": "2021-07-14", "read_num": 1, "content_type": 7, "object_id": 64}}, {"model": "read_statistics.readdetail", "pk": 14, "fields": {"date": "2021-07-14", "read_num": 1, "content_type": 7, "object_id": 63}}, {"model": "read_statistics.readdetail", "pk": 15, "fields": {"date": "2021-07-14", "read_num": 1, "content_type": 7, "object_id": 62}}, {"model": "read_statistics.readdetail", "pk": 16, "fields": {"date": "2021-07-14", "read_num": 1, "content_type": 7, "object_id": 61}}, {"model": "read_statistics.readdetail", "pk": 17, "fields": {"date": "2021-07-15", "read_num": 1, "content_type": 7, "object_id": 64}}, {"model": "read_statistics.readdetail", "pk": 18, "fields": {"date": "2021-07-15", "read_num": 1, "content_type": 7, "object_id": 63}}, {"model": "read_statistics.readdetail", "pk": 19, "fields": {"date": "2021-07-15", "read_num": 1, "content_type": 7, "object_id": 62}}, {"model": "read_statistics.readdetail", "pk": 20, "fields": {"date": "2021-07-15", "read_num": 1, "content_type": 7, "object_id": 61}}, {"model": "read_statistics.readdetail", "pk": 21, "fields": {"date": "2021-07-15", "read_num": 1, "content_type": 7, "object_id": 60}}, {"model": "read_statistics.readdetail", "pk": 22, "fields": {"date": "2021-07-15", "read_num": 1, "content_type": 7, "object_id": 59}}, {"model": "read_statistics.readdetail", "pk": 23, "fields": {"date": "2021-07-16", "read_num": 5, "content_type": 7, "object_id": 64}}, {"model": "read_statistics.readdetail", "pk": 24, "fields": {"date": "2021-07-16", "read_num": 1, "content_type": 7, "object_id": 61}}, {"model": "read_statistics.readdetail", "pk": 25, "fields": {"date": "2021-07-19", "read_num": 1, "content_type": 7, "object_id": 64}}, {"model": "read_statistics.readdetail", "pk": 26, "fields": {"date": "2021-07-23", "read_num": 1, "content_type": 7, "object_id": 64}}, {"model": "read_statistics.readdetail", "pk": 27, "fields": {"date": "2021-07-26", "read_num": 1, "content_type": 7, "object_id": 64}}, {"model": "likes.likecount", "pk": 1, "fields": {"content_type": 7, "object_id": 62, "liked_num": 1}}, {"model": "likes.likecount", "pk": 2, "fields": {"content_type": 7, "object_id": 61, "liked_num": 1}}, {"model": "likes.likecount", "pk": 3, "fields": {"content_type": 7, "object_id": 63, "liked_num": 0}}, {"model": "likes.likecount", "pk": 4, "fields": {"content_type": 7, "object_id": 64, "liked_num": 1}}, {"model": "likes.likecount", "pk": 5, "fields": {"content_type": 7, "object_id": 60, "liked_num": 0}}, {"model": "likes.likecount", "pk": 6, "fields": {"content_type": 7, "object_id": 59, "liked_num": 1}}, {"model": "likes.likecount", "pk": 7, "fields": {"content_type": 7, "object_id": 58, "liked_num": 0}}, {"model": "likes.likecount", "pk": 8, "fields": {"content_type": 7, "object_id": 57, "liked_num": 0}}, {"model": "likes.likecount", "pk": 9, "fields": {"content_type": 7, "object_id": 56, "liked_num": 0}}, {"model": "likes.likecount", "pk": 10, "fields": {"content_type": 7, "object_id": 55, "liked_num": 0}}, {"model": "likes.likecount", "pk": 11, "fields": {"content_type": 7, "object_id": 54, "liked_num": 0}}, {"model": "likes.likecount", "pk": 12, "fields": {"content_type": 7, "object_id": 53, "liked_num": 0}}, {"model": "likes.likecount", "pk": 13, "fields": {"content_type": 7, "object_id": 52, "liked_num": 0}}, {"model": "likes.likecount", "pk": 14, "fields": {"content_type": 7, "object_id": 51, "liked_num": 0}}, {"model": "likes.likecount", "pk": 15, "fields": {"content_type": 7, "object_id": 50, "liked_num": 0}}, {"model": "likes.likecount", "pk": 16, "fields": {"content_type": 7, "object_id": 49, "liked_num": 0}}, {"model": "likes.likecount", "pk": 17, "fields": {"content_type": 7, "object_id": 48, "liked_num": 0}}, {"model": "likes.likecount", "pk": 18, "fields": {"content_type": 7, "object_id": 47, "liked_num": 0}}, {"model": "likes.likecount", "pk": 19, "fields": {"content_type": 12, "object_id": 22, "liked_num": 1}}, {"model": "likes.likecount", "pk": 20, "fields": {"content_type": 12, "object_id": 23, "liked_num": 0}}, {"model": "likes.likecount", "pk": 21, "fields": {"content_type": 12, "object_id": 24, "liked_num": 0}}, {"model": "likes.likecount", "pk": 22, "fields": {"content_type": 12, "object_id": 25, "liked_num": 0}}, {"model": "likes.likecount", "pk": 23, "fields": {"content_type": 12, "object_id": 21, "liked_num": 0}}, {"model": "likes.likecount", "pk": 24, "fields": {"content_type": 12, "object_id": 14, "liked_num": 0}}, {"model": "likes.likecount", "pk": 25, "fields": {"content_type": 12, "object_id": 15, "liked_num": 0}}, {"model": "likes.likecount", "pk": 26, "fields": {"content_type": 12, "object_id": 16, "liked_num": 0}}, {"model": "likes.likecount", "pk": 27, "fields": {"content_type": 12, "object_id": 17, "liked_num": 0}}, {"model": "likes.likecount", "pk": 28, "fields": {"content_type": 12, "object_id": 19, "liked_num": 0}}, {"model": "likes.likecount", "pk": 29, "fields": {"content_type": 12, "object_id": 11, "liked_num": 0}}, {"model": "likes.likecount", "pk": 30, "fields": {"content_type": 12, "object_id": 10, "liked_num": 0}}, {"model": "likes.likecount", "pk": 31, "fields": {"content_type": 12, "object_id": 20, "liked_num": 0}}, {"model": "likes.likecount", "pk": 32, "fields": {"content_type": 12, "object_id": 9, "liked_num": 0}}, {"model": "likes.likecount", "pk": 33, "fields": {"content_type": 12, "object_id": 8, "liked_num": 0}}, {"model": "likes.likecount", "pk": 34, "fields": {"content_type": 12, "object_id": 7, "liked_num": 0}}, {"model": "likes.likecount", "pk": 35, "fields": {"content_type": 12, "object_id": 6, "liked_num": 0}}, {"model": "likes.likecount", "pk": 36, "fields": {"content_type": 12, "object_id": 5, "liked_num": 0}}, {"model": "likes.likecount", "pk": 37, "fields": {"content_type": 12, "object_id": 4, "liked_num": 0}}, {"model": "likes.likecount", "pk": 38, "fields": {"content_type": 12, "object_id": 3, "liked_num": 0}}, {"model": "likes.likecount", "pk": 39, "fields": {"content_type": 12, "object_id": 2, "liked_num": 0}}, {"model": "likes.likecount", "pk": 40, "fields": {"content_type": 12, "object_id": 26, "liked_num": 1}}, {"model": "likes.likecount", "pk": 41, "fields": {"content_type": 12, "object_id": 27, "liked_num": 2}}, {"model": "likes.likecount", "pk": 42, "fields": {"content_type": 12, "object_id": 28, "liked_num": 0}}, {"model": "likes.likecount", "pk": 43, "fields": {"content_type": 12, "object_id": 29, "liked_num": 0}}, {"model": "likes.likecount", "pk": 44, "fields": {"content_type": 12, "object_id": 30, "liked_num": 0}}, {"model": "likes.likecount", "pk": 45, "fields": {"content_type": 12, "object_id": 31, "liked_num": 0}}, {"model": "likes.likecount", "pk": 46, "fields": {"content_type": 12, "object_id": 32, "liked_num": 0}}, {"model": "likes.likecount", "pk": 47, "fields": {"content_type": 12, "object_id": 33, "liked_num": 0}}, {"model": "likes.likecount", "pk": 48, "fields": {"content_type": 12, "object_id": 34, "liked_num": 0}}, {"model": "likes.likecount", "pk": 49, "fields": {"content_type": 12, "object_id": 35, "liked_num": 0}}, {"model": "auth.permission", "pk": 1, "fields": {"name": "Can add log entry", "content_type": 1, "codename": "add_logentry"}}, {"model": "auth.permission", "pk": 2, "fields": {"name": "Can change log entry", "content_type": 1, "codename": "change_logentry"}}, {"model": "auth.permission", "pk": 3, "fields": {"name": "Can delete log entry", "content_type": 1, "codename": "delete_logentry"}}, {"model": "auth.permission", "pk": 4, "fields": {"name": "Can add permission", "content_type": 2, "codename": "add_permission"}}, {"model": "auth.permission", "pk": 5, "fields": {"name": "Can change permission", "content_type": 2, "codename": "change_permission"}}, {"model": "auth.permission", "pk": 6, "fields": {"name": "Can delete permission", "content_type": 2, "codename": "delete_permission"}}, {"model": "auth.permission", "pk": 7, "fields": {"name": "Can add group", "content_type": 3, "codename": "add_group"}}, {"model": "auth.permission", "pk": 8, "fields": {"name": "Can change group", "content_type": 3, "codename": "change_group"}}, {"model": "auth.permission", "pk": 9, "fields": {"name": "Can delete group", "content_type": 3, "codename": "delete_group"}}, {"model": "auth.permission", "pk": 10, "fields": {"name": "Can add user", "content_type": 4, "codename": "add_user"}}, {"model": "auth.permission", "pk": 11, "fields": {"name": "Can change user", "content_type": 4, "codename": "change_user"}}, {"model": "auth.permission", "pk": 12, "fields": {"name": "Can delete user", "content_type": 4, "codename": "delete_user"}}, {"model": "auth.permission", "pk": 13, "fields": {"name": "Can add content type", "content_type": 5, "codename": "add_contenttype"}}, {"model": "auth.permission", "pk": 14, "fields": {"name": "Can change content type", "content_type": 5, "codename": "change_contenttype"}}, {"model": "auth.permission", "pk": 15, "fields": {"name": "Can delete content type", "content_type": 5, "codename": "delete_contenttype"}}, {"model": "auth.permission", "pk": 16, "fields": {"name": "Can add session", "content_type": 6, "codename": "add_session"}}, {"model": "auth.permission", "pk": 17, "fields": {"name": "Can change session", "content_type": 6, "codename": "change_session"}}, {"model": "auth.permission", "pk": 18, "fields": {"name": "Can delete session", "content_type": 6, "codename": "delete_session"}}, {"model": "auth.permission", "pk": 19, "fields": {"name": "Can add blog", "content_type": 7, "codename": "add_blog"}}, {"model": "auth.permission", "pk": 20, "fields": {"name": "Can change blog", "content_type": 7, "codename": "change_blog"}}, {"model": "auth.permission", "pk": 21, "fields": {"name": "Can delete blog", "content_type": 7, "codename": "delete_blog"}}, {"model": "auth.permission", "pk": 22, "fields": {"name": "Can add blog type", "content_type": 8, "codename": "add_blogtype"}}, {"model": "auth.permission", "pk": 23, "fields": {"name": "Can change blog type", "content_type": 8, "codename": "change_blogtype"}}, {"model": "auth.permission", "pk": 24, "fields": {"name": "Can delete blog type", "content_type": 8, "codename": "delete_blogtype"}}, {"model": "auth.permission", "pk": 25, "fields": {"name": "Can view log entry", "content_type": 1, "codename": "view_logentry"}}, {"model": "auth.permission", "pk": 26, "fields": {"name": "Can view permission", "content_type": 2, "codename": "view_permission"}}, {"model": "auth.permission", "pk": 27, "fields": {"name": "Can view group", "content_type": 3, "codename": "view_group"}}, {"model": "auth.permission", "pk": 28, "fields": {"name": "Can view user", "content_type": 4, "codename": "view_user"}}, {"model": "auth.permission", "pk": 29, "fields": {"name": "Can view content type", "content_type": 5, "codename": "view_contenttype"}}, {"model": "auth.permission", "pk": 30, "fields": {"name": "Can view session", "content_type": 6, "codename": "view_session"}}, {"model": "auth.permission", "pk": 31, "fields": {"name": "Can view blog", "content_type": 7, "codename": "view_blog"}}, {"model": "auth.permission", "pk": 32, "fields": {"name": "Can view blog type", "content_type": 8, "codename": "view_blogtype"}}, {"model": "auth.permission", "pk": 33, "fields": {"name": "Can add read num", "content_type": 9, "codename": "add_readnum"}}, {"model": "auth.permission", "pk": 34, "fields": {"name": "Can change read num", "content_type": 9, "codename": "change_readnum"}}, {"model": "auth.permission", "pk": 35, "fields": {"name": "Can delete read num", "content_type": 9, "codename": "delete_readnum"}}, {"model": "auth.permission", "pk": 36, "fields": {"name": "Can view read num", "content_type": 9, "codename": "view_readnum"}}, {"model": "auth.permission", "pk": 37, "fields": {"name": "Can add read num", "content_type": 10, "codename": "add_readnum"}}, {"model": "auth.permission", "pk": 38, "fields": {"name": "Can change read num", "content_type": 10, "codename": "change_readnum"}}, {"model": "auth.permission", "pk": 39, "fields": {"name": "Can delete read num", "content_type": 10, "codename": "delete_readnum"}}, {"model": "auth.permission", "pk": 40, "fields": {"name": "Can view read num", "content_type": 10, "codename": "view_readnum"}}, {"model": "auth.permission", "pk": 41, "fields": {"name": "Can add read detail", "content_type": 11, "codename": "add_readdetail"}}, {"model": "auth.permission", "pk": 42, "fields": {"name": "Can change read detail", "content_type": 11, "codename": "change_readdetail"}}, {"model": "auth.permission", "pk": 43, "fields": {"name": "Can delete read detail", "content_type": 11, "codename": "delete_readdetail"}}, {"model": "auth.permission", "pk": 44, "fields": {"name": "Can view read detail", "content_type": 11, "codename": "view_readdetail"}}, {"model": "auth.permission", "pk": 45, "fields": {"name": "Can add comment", "content_type": 12, "codename": "add_comment"}}, {"model": "auth.permission", "pk": 46, "fields": {"name": "Can change comment", "content_type": 12, "codename": "change_comment"}}, {"model": "auth.permission", "pk": 47, "fields": {"name": "Can delete comment", "content_type": 12, "codename": "delete_comment"}}, {"model": "auth.permission", "pk": 48, "fields": {"name": "Can view comment", "content_type": 12, "codename": "view_comment"}}, {"model": "auth.permission", "pk": 49, "fields": {"name": "Can add like count", "content_type": 13, "codename": "add_likecount"}}, {"model": "auth.permission", "pk": 50, "fields": {"name": "Can change like count", "content_type": 13, "codename": "change_likecount"}}, {"model": "auth.permission", "pk": 51, "fields": {"name": "Can delete like count", "content_type": 13, "codename": "delete_likecount"}}, {"model": "auth.permission", "pk": 52, "fields": {"name": "Can view like count", "content_type": 13, "codename": "view_likecount"}}, {"model": "auth.permission", "pk": 53, "fields": {"name": "Can add like record", "content_type": 14, "codename": "add_likerecord"}}, {"model": "auth.permission", "pk": 54, "fields": {"name": "Can change like record", "content_type": 14, "codename": "change_likerecord"}}, {"model": "auth.permission", "pk": 55, "fields": {"name": "Can delete like record", "content_type": 14, "codename": "delete_likerecord"}}, {"model": "auth.permission", "pk": 56, "fields": {"name": "Can view like record", "content_type": 14, "codename": "view_likerecord"}}, {"model": "auth.permission", "pk": 57, "fields": {"name": "Can add profile", "content_type": 15, "codename": "add_profile"}}, {"model": "auth.permission", "pk": 58, "fields": {"name": "Can change profile", "content_type": 15, "codename": "change_profile"}}, {"model": "auth.permission", "pk": 59, "fields": {"name": "Can delete profile", "content_type": 15, "codename": "delete_profile"}}, {"model": "auth.permission", "pk": 60, "fields": {"name": "Can view profile", "content_type": 15, "codename": "view_profile"}}, {"model": "auth.user", "pk": 1, "fields": {"password": "pbkdf2_sha256$120000$VkjlBpg6FeUV$41t1tFAcJ5ZqAvQkxV5jm735ybRylBqUEejAy8QtI6w=", "last_login": "2021-07-26T02:51:42.047Z", "is_superuser": true, "username": "ziu", "first_name": "", "last_name": "", "email": "", "is_staff": true, "is_active": true, "date_joined": "2021-06-18T03:36:00Z", "groups": [], "user_permissions": []}}, {"model": "auth.user", "pk": 2, "fields": {"password": "pbkdf2_sha256$120000$ZaS9VL0WWAJu$OLnAZs2br65R0Gm1JwRLOvA7f+Ia1MobSl7gYRvPhYk=", "last_login": "2021-07-07T08:47:00Z", "is_superuser": false, "username": "1111111", "first_name": "", "last_name": "", "email": "", "is_staff": false, "is_active": true, "date_joined": "2021-07-07T08:47:00Z", "groups": [], "user_permissions": []}}, {"model": "auth.user", "pk": 3, "fields": {"password": "pbkdf2_sha256$120000$VjusDqKgAdab$vUVjEFePhBGxp5kz2ucirQ8XFiEQ8L6Uia7iyX0bz7M=", "last_login": "2021-07-26T02:47:52.032Z", "is_superuser": false, "username": "222222", "first_name": "", "last_name": "", "email": "1176417778@qq.com", "is_staff": false, "is_active": true, "date_joined": "2021-07-23T06:34:47.437Z", "groups": [], "user_permissions": []}}, {"model": "blog.blog", "pk": 1, "fields": {"title": "one", "blog_type": 2, "content": "QQQQQQQQQQQQQQQQQQQQQQQ", "author": 1, "created_time": "2021-06-18T05:27:50.870Z", "last_updated_time": "2021-06-18T05:27:50.870Z"}}, {"model": "blog.blog", "pk": 2, "fields": {"title": "two", "blog_type": 2, "content": "aaaaaaaaaaaaaaaaaaaaaaaaaaaaaaaaaaa", "author": 1, "created_time": "2021-06-22T06:06:48.779Z", "last_updated_time": "2021-06-22T06:06:48.779Z"}}, {"model": "blog.blog", "pk": 3, "fields": {"title": "\u957f\u5185\u5bb9\u7684\u535a\u5ba2", "blog_type": 2, "content": "<h3><img alt=\"\" src=\"/media/upload/2021/06/30/194230442_8_20200630072549896.png\" style=\"height:200px; width:302px\" />hdjsdhs hishdussh\u548c\u675c\u5e08\u5f1f\u963f\u675chdjsdhs hishdussh\u548c\u675c\u5e08\u5f1f\u963f\u675chdjsdhs hishdussh\u548c\u675c\u5e08\u5f1f\u963f\u675chdjsdhs hishdussh\u548c\u675c\u5e08\u5f1f\u963f\u675chdjsdhs h<strong>ishdussh\u548c\u675c\u5e08\u5f1f\u963f\u675chdjsdhs hishdussh\u548c\u675c\u5e08\u5f1f\u963f\u675chdjsdhs hishdussh\u548c\u675c\u5e08\u5f1f\u963f\u675chdjsdhs hishdussh\u548c\u675c\u5e08\u5f1f\u963f\u675chdjsdhs hishdussh</strong>\u548c\u675c\u5e08\u5f1f\u963f<s>\u675chdjsdhs hishdussh\u548c\u675c\u5e08\u5f1f\u963f\u675chdjsdhs hishdussh\u548c\u675c\u5e08\u5f1f\u963f\u675chdjsdhs hishdussh\u548c\u675c\u5e08\u5f1f\u963f\u675chdjsdhs hishdussh\u548c\u675c\u5e08\u5f1f\u963f\u675chdjsdhs hishdussh\u548c\u675c\u5e08\u5f1f\u963f\u675chdjsdhs hishdussh\u548c\u675c\u5e08\u5f1f\u963f\u675chdjsdhs hishdussh\u548c\u675c\u5e08\u5f1f\u963f\u675chdjsdhs hishdussh\u548c\u675c\u5e08\u5f1f\u963f\u675chdjsdhs hishdussh\u548c\u675c\u5e08\u5f1f\u963f\u675chdjsdhs hishdussh\u548c\u675c\u5e08\u5f1f\u963f\u675chdjsdhs hishdussh\u548c\u675c\u5e08\u5f1f\u963f\u675chdjsdhs hishdussh\u548c\u675c\u5e08</s></h3>\r\n\r\n<p>&nbsp;</p>\r\n\r\n<hr />\r\n<hr />\r\n<p>&nbsp;</p>\r\n\r\n<hr />\r\n<hr />\r\n<hr />\r\n<h3><s>h\u548c\u675c\u5e08\u5f1f\u963f\u675chdjsdhs hishdussh\u548c\u675c\u5e08\u5f1f\u963f\u675chdjsdhs hishdussh\u548c\u675c\u5e08\u5f1f\u963f\u675chdjsdhs hishdussh\u548c\u675c\u5e08\u5f1f\u963f\u675chdjsdhs hishdussh\u548c\u675c\u5e08\u5f1f\u963f\u675chdjsdhs hishdussh\u548c\u675c\u5e08\u5f1f\u963f\u675chdjsdhs hishdussh\u548c\u675c\u5e08\u5f1f\u963f\u675chdjsd</s>hs hishdussh\u548c\u675c\u5e08\u5f1f\u963f\u675chdjsdhs hishdussh\u548c\u675c\u5e08\u5f1f\u963f\u675chdjsdhs hishdussh\u548c\u675c\u5e08\u5f1f\u963f\u675chdjsdhs hishdussh\u548c\u675c\u5e08\u5f1f\u963f\u675chdjsdhs hishdussh\u548c\u675c\u5e08\u5f1f\u963f\u675chdjsdhs hishdussh\u548c\u675c\u5e08\u5f1f\u963f\u675chdjsdhs hishdussh\u548c\u675c\u5e08\u5f1f\u963f\u675chdjsdhs hishdussh\u548c\u675c\u5e08\u5f1f\u963f\u675chdjsdhs hishdussh\u548c\u675c\u5e08\u5f1f\u963f\u675chdjsdhs hishdussh\u548c\u675c\u5e08\u5f1f\u963f\u675chdjsdhs hishdussh\u548c\u675c\u5e08\u5f1f\u963f\u675chdjsdhs hishdussh\u548c\u675c\u5e08\u5f1f\u963f\u675chdjsdhs hishdussh\u548c\u675c\u5e08\u5f1f\u963f\u675chdjsdhs hishdussh\u548c\u675c\u5e08\u5f1f\u963f\u675chdjsdhs hishdussh\u548c\u675c\u5e08\u5f1f\u963f\u675chdjsdhs hishdussh\u548c\u675c\u5e08\u5f1f\u963f\u675chdjsdhs hishdussh\u548c\u675c\u5e08\u5f1f\u963f\u675chdjsdhs hishdussh\u548c\u675c\u5e08\u5f1f\u963f\u675chdjsdhs hishdussh\u548c\u675c\u5e08\u5f1f\u963f\u675chdjsdhs hishdussh\u548c\u675c\u5e08\u5f1f\u963f\u675chdjsdhs hishdussh\u548c\u675c\u5e08\u5f1f\u963f\u675chdjsdhs hishdussh\u548c\u675c\u5e08\u5f1f\u963f\u675chdjsdhs hishdussh\u548c\u675c\u5e08\u5f1f\u963f\u675chdjsdhs hishdussh\u548c\u675c\u5e08\u5f1f\u963f\u675chdjsdhs hishdussh\u548c\u675c\u5e08\u5f1f\u963f\u675chdjsdhs hishdussh\u548c\u675c\u5e08\u5f1f\u963f\u675chdjsdhs hishdussh\u548c\u675c\u5e08\u5f1f\u963f\u675chdjsdhs hishdussh\u548c\u675c\u5e08\u5f1f\u963f\u675chdjsdhs hishdussh\u548c\u675c\u5e08\u5f1f\u963f\u675chdjsdhs hishdussh\u548c\u675c\u5e08\u5f1f\u963f\u675chdjsdhs hishdussh\u548c\u675c\u5e08\u5f1f\u963f\u675chdjsdhs hishdussh\u548c\u675c\u5e08\u5f1f\u963f\u675chdjsdhs hishdussh\u548c\u675c\u5e08\u5f1f\u963f\u675chdjsdhs hishdussh\u548c\u675c\u5e08\u5f1f\u963f\u675chdjsdhs hishdussh\u548c\u675c\u5e08\u5f1f\u963f\u675chdjsdhs hishdussh\u548c\u675c\u5e08\u5f1f\u963f\u675chdjsdhs hishdussh\u548c\u675c\u5e08\u5f1f\u963f\u675chdjsdhs hishdussh\u548c\u675c\u5e08\u5f1f\u963f\u675ch<span style=\"color:#00ff00\">djsdhs hishdussh\u548c\u675c\u5e08\u5f1f\u963f\u675chdjsdhs hishdussh\u548c\u675c\u5e08\u5f1f\u963f\u675chdjsdhs hishdussh\u548c\u675c\u5e08\u5f1f\u963f\u675chdjsdhs hishdussh\u548c</span>\u675c\u5e08\u5f1f\u963f\u675chdjsdhs hishdussh\u548c\u675c\u5e08\u5f1f\u963f\u675chdjsdhs hishdussh\u548c\u675c\u5e08\u5f1f\u963f\u675chdjsdhs hishdussh\u548c\u675c\u5e08\u5f1f\u963f\u675chdjsdhs hishdussh\u548c\u675c\u5e08\u5f1f\u963f\u675chdjsdhs hishdussh\u548c\u675c\u5e08\u5f1f\u963f\u675chdjsdhs hishdussh\u548c\u675c\u5e08\u5f1f\u963f\u675chdjsdhs hishdussh\u548c\u675c<span style=\"background-color:#2ecc71\">\u5e08\u5f1f\u963f\u675chdjsdhs hishdussh\u548c\u675c\u5e08\u5f1f\u963f\u675chdjsdhs hishdussh\u548c\u675c\u5e08\u5f1f\u963f\u675chdjsdhs hishdussh\u548c\u675c\u5e08\u5f1f\u963f\u675chdjs</span>dhs hishdussh\u548c\u675c\u5e08\u5f1f\u963f\u675chdjsdhs hishdussh\u548c\u675c\u5e08\u5f1f\u963f\u675chdjsdhs hishdussh\u548c\u675c\u5e08\u5f1f\u963f\u675chdjsdhs hishdussh\u548c\u675c\u5e08\u5f1f\u963f\u675chdjsdhs hishdussh\u548c\u675c\u5e08\u5f1f\u963f\u675chdjsdhs hishdussh\u548c\u675c\u5e08\u5f1f\u963f\u675chdjsdhs hishdussh\u548c\u675c\u5e08\u5f1f\u963f\u675chdjsdhs hishdussh\u548c\u675c\u5e08\u5f1f\u963f\u675chdjsdhs hishdussh\u548c\u675c\u5e08\u5f1f\u963f\u675chdjsdhs hishdussh\u548c\u675c\u5e08\u5f1f\u963f\u675chdjsdhs hishdussh\u548c\u675c\u5e08\u5f1f\u963f\u675chdjsdhs hishdussh\u548c\u675c\u5e08\u5f1f\u963f\u675chdjsdhs hishdussh\u548c\u675c\u5e08\u5f1f\u963f\u675chdjsdhs hishdussh\u548c\u675c\u5e08\u5f1f\u963f\u675chdjsdhs hishdussh\u548c\u675c\u5e08\u5f1f\u963f\u675chdjsdhs hishdussh\u548c\u675c\u5e08\u5f1f\u963f\u675chdjsdhs hishdussh\u548c\u675c\u5e08\u5f1f\u963f\u675chdjsdhs hishdussh\u548c\u675c\u5e08\u5f1f\u963f\u675chdjsdhs hishdussh\u548c\u675c\u5e08\u5f1f\u963f\u675chdjsdhs hishdussh\u548c\u675c\u5e08\u5f1f\u963f\u675chdjsdhs hishdussh\u548c\u675c\u5e08\u5f1f\u963f\u675chdjsdhs hishdussh\u548c\u675c\u5e08\u5f1f\u963f\u675chdjsdhs hishdussh\u548c\u675c\u5e08\u5f1f\u963f\u675chdjsdhs hishdussh\u548c\u675c\u5e08\u5f1f\u963f\u675chdjsdhs hishdussh\u548c\u675c\u5e08\u5f1f\u963f\u675chdjsdhs hishdussh\u548c\u675c\u5e08\u5f1f\u963f\u675chdjsdhs hishdussh\u548c\u675c\u5e08\u5f1f\u963f\u675chdjsdhs hishdussh\u548c\u675c\u5e08\u5f1f\u963f\u675chdjsdhs hishdussh\u548c\u675c\u5e08\u5f1f\u963f\u675chdjsdhs hishdussh\u548c\u675c\u5e08\u5f1f\u963f\u675chdjsdhs hishdussh\u548c\u675c\u5e08\u5f1f\u963f\u675chdjsdhs hishdussh\u548c\u675c\u5e08\u5f1f\u963f\u675chdjsdhs hishdussh\u548c\u675c\u5e08\u5f1f\u963f\u675chdjsdhs hishdussh\u548c\u675c\u5e08\u5f1f\u963f\u675chdjsdhs hishdussh\u548c\u675c\u5e08\u5f1f\u963f\u675chdjsdhs hishdussh\u548c\u675c\u5e08\u5f1f\u963f\u675chdjsdhs hishdussh\u548c\u675c\u5e08\u5f1f\u963f\u675chdjsdhs hishdussh\u548c\u675c\u5e08\u5f1f\u963f\u675chdjsdhs hishdussh\u548c\u675c\u5e08\u5f1f\u963f\u675chdjsdhs hishdussh\u548c\u675c\u5e08\u5f1f\u963f\u675chdjsdhs hishdussh\u548c\u675c\u5e08\u5f1f\u963f\u675chdjsdhs hishdussh\u548c\u675c\u5e08\u5f1f\u963f\u675chdjsdhs hishdussh\u548c\u675c\u5e08\u5f1f\u963f\u675chdjsdhs hishdussh\u548c\u675c\u5e08\u5f1f\u963f\u675chdjsdhs hishdussh\u548c\u675c\u5e08\u5f1f\u963f\u675chdjsdhs hishdussh\u548c\u675c\u5e08\u5f1f\u963f\u675chdjsdhs hishdussh\u548c\u675c\u5e08\u5f1f\u963f\u675chdjsdhs hishdussh\u548c\u675c\u5e08\u5f1f\u963f\u675chdjsdhs hishdussh\u548c\u675c\u5e08\u5f1f\u963f\u675chdjsdhs hishdussh\u548c\u675c\u5e08\u5f1f\u963f\u675chdjsdhs hishdussh\u548c\u675c\u5e08\u5f1f\u963f\u675chdjsdhs hishdussh\u548c\u675c\u5e08\u5f1f\u963f\u675chdjsdhs hishdussh\u548c\u675c\u5e08\u5f1f\u963f\u675chdjsdhs hishdussh\u548c\u675c\u5e08\u5f1f\u963f\u675chdjsdhs hishdussh\u548c\u675c\u5e08\u5f1f\u963f\u675chdjsdhs hishdussh\u548c\u675c\u5e08\u5f1f\u963f\u675chdjsdhs hishdussh\u548c\u675c\u5e08\u5f1f\u963f\u675chdjsdhs hishdussh\u548c\u675c\u5e08\u5f1f\u963f\u675chdjsdhs hishdussh\u548c\u675c\u5e08\u5f1f\u963f\u675chdjsdhs hishdussh\u548c\u675c\u5e08\u5f1f\u963f\u675chdjsdhs hishdussh\u548c\u675c\u5e08\u5f1f\u963f\u675chdjsdhs hishdussh\u548c\u675c\u5e08\u5f1f\u963f\u675chdjsdhs hishdussh\u548c\u675c\u5e08\u5f1f\u963f\u675chdjsdhs hishdussh\u548c\u675c\u5e08\u5f1f\u963f\u675chdjsdhs hishdussh\u548c\u675c\u5e08\u5f1f\u963f\u675chdjsdhs hishdussh\u548c\u675c\u5e08\u5f1f\u963f\u675chdjsdhs hishdussh\u548c\u675c\u5e08\u5f1f\u963f\u675chdjsdhs hishdussh\u548c\u675c\u5e08\u5f1f\u963f\u675chdjsdhs hishdussh\u548c\u675c\u5e08\u5f1f\u963f\u675chdjsdhs hishdussh\u548c\u675c\u5e08\u5f1f\u963f\u675chdjsdhs hishdussh\u548c\u675c\u5e08\u5f1f\u963f\u675chdjsdhs hishdussh\u548c\u675c\u5e08\u5f1f\u963f\u675chdjsdhs hishdussh\u548c\u675c\u5e08\u5f1f\u963f\u675chdjsdhs hishdussh\u548c\u675c\u5e08\u5f1f\u963f\u675chdjsdhs hishdussh\u548c\u675c\u5e08\u5f1f\u963f\u675chdjsdhs hishdussh\u548c\u675c\u5e08\u5f1f\u963f\u675chdjsdhs hishdussh\u548c\u675c\u5e08\u5f1f\u963f\u675chdjsdhs hishdussh\u548c\u675c\u5e08\u5f1f\u963f\u675chdjsdhs hishdussh\u548c\u675c\u5e08\u5f1f\u963f\u675chdjsdhs hishdussh\u548c\u675c\u5e08\u5f1f\u963f\u675chdjsdhs hishdussh\u548c\u675c\u5e08\u5f1f\u963f\u675chdjsdhs hishdussh\u548c\u675c\u5e08\u5f1f\u963f\u675chdjsdhs hishdussh\u548c\u675c\u5e08\u5f1f\u963f\u675chdjsdhs hishdussh\u548c\u675c\u5e08\u5f1f\u963f\u675chdjsdhs hishdussh\u548c\u675c\u5e08\u5f1f\u963f\u675chdjsdhs hishdussh\u548c\u675c\u5e08\u5f1f\u963f\u675chdjsdhs hishdussh\u548c\u675c\u5e08\u5f1f\u963f\u675chdjsdhs hishdussh\u548c\u675c\u5e08\u5f1f\u963f\u675chdjsdhs hishdussh\u548c\u675c\u5e08\u5f1f\u963f\u675chdjsdhs hishdussh\u548c\u675c\u5e08\u5f1f\u963f\u675chdjsdhs hishdussh\u548c\u675c\u5e08\u5f1f\u963f\u675chdjsdhs hishdussh\u548c\u675c\u5e08\u5f1f\u963f\u675chdjsdhs hishdussh\u548c\u675c\u5e08\u5f1f\u963f\u675chdjsdhs hishdussh\u548c\u675c\u5e08\u5f1f\u963f\u675chdjsdhs hishdussh\u548c\u675c\u5e08\u5f1f\u963f\u675chdjsdhs hishdussh\u548c\u675c\u5e08\u5f1f\u963f\u675chdjsdhs hishdussh\u548c\u675c\u5e08\u5f1f\u963f\u675chdjsdhs hishdussh\u548c\u675c\u5e08\u5f1f\u963f\u675chdjsdhs hishdussh\u548c\u675c\u5e08\u5f1f\u963f\u675chdjsdhs hishdussh\u548c\u675c\u5e08\u5f1f\u963f\u675chdjsdhs hishdussh\u548c\u675c\u5e08\u5f1f\u963f\u675chdjsdhs hishdussh\u548c\u675c\u5e08\u5f1f\u963f\u675chdjsdhs hishdussh\u548c\u675c\u5e08\u5f1f\u963f\u675chdjsdhs hishdussh\u548c\u675c\u5e08\u5f1f\u963f\u675chdjsdhs hishdussh\u548c\u675c\u5e08\u5f1f\u963f\u675chdjsdhs hishdussh\u548c\u675c\u5e08\u5f1f\u963f\u675chdjsdhs hishdussh\u548c\u675c\u5e08\u5f1f\u963f\u675chdjsdhs hishdussh\u548c\u675c\u5e08\u5f1f\u963f\u675chdjsdhs hishdussh\u548c\u675c\u5e08\u5f1f\u963f\u675chdjsdhs hishdussh\u548c\u675c\u5e08\u5f1f\u963f\u675chdjsdhs hishdussh\u548c\u675c\u5e08\u5f1f\u963f\u675chdjsdhs hishdussh\u548c\u675c\u5e08\u5f1f\u963f\u675chdjsdhs hishdussh\u548c\u675c\u5e08\u5f1f\u963f\u675chdjsdhs hishdussh\u548c\u675c\u5e08\u5f1f\u963f\u675chdjsdhs hishdussh\u548c\u675c\u5e08\u5f1f\u963f\u675chdjsdhs hishdussh\u548c\u675c\u5e08\u5f1f\u963f\u675chdjsdhs hishdussh\u548c\u675c\u5e08\u5f1f\u963f\u675chdjsdhs hishdussh\u548c\u675c\u5e08\u5f1f\u963f\u675chdjsdhs hishdussh\u548c\u675c\u5e08\u5f1f\u963f\u675chdjsdhs hishdussh\u548c\u675c\u5e08\u5f1f\u963f\u675chdjsdhs hishdussh\u548c\u675c\u5e08\u5f1f\u963f\u675chdjsdhs hishdussh\u548c\u675c\u5e08\u5f1f\u963f\u675chdjsdhs hishdussh\u548c\u675c\u5e08\u5f1f\u963f\u675chdjsdhs hishdussh\u548c\u675c\u5e08\u5f1f\u963f\u675chdjsdhs hishdussh\u548c\u675c\u5e08\u5f1f\u963f\u675chdjsdhs hishdussh\u548c\u675c\u5e08\u5f1f\u963f\u675chdjsdhs hishdussh\u548c\u675c\u5e08\u5f1f\u963f\u675chdjsdhs hishdussh\u548c\u675c\u5e08\u5f1f\u963f\u675chdjsdhs hishdussh\u548c\u675c\u5e08\u5f1f\u963f\u675chdjsdhs hishdussh\u548c\u675c\u5e08\u5f1f\u963f\u675chdjsdhs hishdussh\u548c\u675c\u5e08\u5f1f\u963f\u675chdjsdhs hishdussh\u548c\u675c\u5e08\u5f1f\u963f\u675chdjsdhs hishdussh\u548c\u675c\u5e08\u5f1f\u963f\u675chdjsdhs hishdussh\u548c\u675c\u5e08\u5f1f\u963f\u675chdjsdhs hishdussh\u548c\u675c\u5e08\u5f1f\u963f\u675chdjsdhs hishdussh\u548c\u675c\u5e08\u5f1f\u963f\u675chdjsdhs hishdussh\u548c\u675c\u5e08\u5f1f\u963f\u675chdjsdhs hishdussh\u548c\u675c\u5e08\u5f1f\u963f\u675chdjsdhs hishdussh\u548c\u675c\u5e08\u5f1f\u963f\u675chdjsdhs hishdussh\u548c\u675c\u5e08\u5f1f\u963f\u675chdjsdhs hishdussh\u548c\u675c\u5e08\u5f1f\u963f\u675chdjsdhs hishdussh\u548c\u675c\u5e08\u5f1f\u963f\u675chdjsdhs hishdussh\u548c\u675c\u5e08\u5f1f\u963f\u675chdjsdhs hishdussh\u548c\u675c\u5e08\u5f1f\u963f\u675chdjsdhs hishdussh\u548c\u675c\u5e08\u5f1f\u963f\u675chdjsdhs hishdussh\u548c\u675c\u5e08\u5f1f\u963f\u675chdjsdhs hishdussh\u548c\u675c\u5e08\u5f1f\u963f\u675chdjsdhs hishdussh\u548c\u675c\u5e08\u5f1f\u963f\u675chdjsdhs hishdussh\u548c\u675c\u5e08\u5f1f\u963f\u675chdjsdhs hishdussh\u548c\u675c\u5e08\u5f1f\u963f\u675chdjsdhs hishdussh\u548c\u675c\u5e08\u5f1f\u963f\u675chdjsdhs hishdussh\u548c\u675c\u5e08\u5f1f\u963f\u675chdjsdhs hishdussh\u548c\u675c\u5e08\u5f1f\u963f\u675chdjsdhs hishdussh\u548c\u675c\u5e08\u5f1f\u963f\u675chdjsdhs hishdussh\u548c\u675c\u5e08\u5f1f\u963f\u675chdjsdhs hishdussh\u548c\u675c\u5e08\u5f1f\u963f\u675chdjsdhs hishdussh\u548c\u675c\u5e08\u5f1f\u963f\u675chdjsdhs hishdussh\u548c\u675c\u5e08\u5f1f\u963f\u675chdjsdhs hishdussh\u548c\u675c\u5e08\u5f1f\u963f\u675chdjsdhs hishdussh\u548c\u675c\u5e08\u5f1f\u963f\u675chdjsdhs hishdussh\u548c\u675c\u5e08\u5f1f\u963f\u675chdjsdhs hishdussh\u548c\u675c\u5e08\u5f1f\u963f\u675chdjsdhs hishdussh\u548c\u675c\u5e08\u5f1f\u963f\u675chdjsdhs hishdussh\u548c\u675c\u5e08\u5f1f\u963f\u675chdjsdhs hishdussh\u548c\u675c\u5e08\u5f1f\u963f\u675chdjsdhs hishdussh\u548c\u675c\u5e08\u5f1f\u963f\u675chdjsdhs hishdussh\u548c\u675c\u5e08\u5f1f\u963f\u675chdjsdhs hishdussh\u548c\u675c\u5e08\u5f1f\u963f\u675chdjsdhs hishdussh\u548c\u675c\u5e08\u5f1f\u963f\u675chdjsdhs hishdussh\u548c\u675c\u5e08\u5f1f\u963f\u675chdjsdhs hishdussh\u548c\u675c\u5e08\u5f1f\u963f\u675chdjsdhs hishdussh\u548c\u675c\u5e08\u5f1f\u963f\u675chdjsdhs hishdussh\u548c\u675c\u5e08\u5f1f\u963f\u675chdjsdhs hishdussh\u548c\u675c\u5e08\u5f1f\u963f\u675chdjsdhs hishdussh\u548c\u675c\u5e08\u5f1f\u963f\u675chdjsdhs hishdussh\u548c\u675c\u5e08\u5f1f\u963f\u675chdjsdhs hishdussh\u548c\u675c\u5e08\u5f1f\u963f\u675chdjsdhs hishdussh\u548c\u675c\u5e08\u5f1f\u963f\u675chdjsdhs hishdussh\u548c\u675c\u5e08\u5f1f\u963f\u675chdjsdhs hishdussh\u548c\u675c\u5e08\u5f1f\u963f\u675chdjsdhs hishdussh\u548c\u675c\u5e08\u5f1f\u963f\u675chdjsdhs hishdussh\u548c\u675c\u5e08\u5f1f\u963f\u675chdjsdhs hishdussh\u548c\u675c\u5e08\u5f1f\u963f\u675chdjsdhs hishdussh\u548c\u675c\u5e08\u5f1f\u963f\u675chdjsdhs hishdussh\u548c\u675c\u5e08\u5f1f\u963f\u675chdjsdhs hishdussh\u548c\u675c\u5e08\u5f1f\u963f\u675chdjsdhs hishdussh\u548c\u675c\u5e08\u5f1f\u963f\u675chdjsdhs hishdussh\u548c\u675c\u5e08\u5f1f\u963f\u675chdjsdhs hishdussh\u548c\u675c\u5e08\u5f1f\u963f\u675chdjsdhs hishdussh\u548c\u675c\u5e08\u5f1f\u963f\u675chdjsdhs hishdussh\u548c\u675c\u5e08\u5f1f\u963f\u675chdjsdhs hishdussh\u548c\u675c\u5e08\u5f1f\u963f\u675chdjsdhs hishdussh\u548c\u675c\u5e08\u5f1f\u963f\u675chdjsdhs hishdussh\u548c\u675c\u5e08\u5f1f\u963f\u675chdjsdhs hishdussh\u548c\u675c\u5e08\u5f1f\u963f\u675chdjsdhs hishdussh\u548c\u675c\u5e08\u5f1f\u963f\u675chdjsdhs hishdussh\u548c\u675c\u5e08\u5f1f\u963f\u675chdjsdhs hishdussh\u548c\u675c\u5e08\u5f1f\u963f\u675chdjsdhs hishdussh\u548c\u675c\u5e08\u5f1f\u963f\u675chdjsdhs hishdussh\u548c\u675c\u5e08\u5f1f\u963f\u675chdjsdhs hishdussh\u548c\u675c\u5e08\u5f1f\u963f\u675chdjsdhs hishdussh\u548c\u675c\u5e08\u5f1f\u963f\u675chdjsdhs hishdussh\u548c\u675c\u5e08\u5f1f\u963f\u675chdjsdhs hishdussh\u548c\u675c\u5e08\u5f1f\u963f\u675chdjsdhs hishdussh\u548c\u675c\u5e08\u5f1f\u963f\u675chdjsdhs hishdussh\u548c\u675c\u5e08\u5f1f\u963f\u675chdjsdhs hishdussh\u548c\u675c\u5e08\u5f1f\u963f\u675chdjsdhs hishdussh\u548c\u675c\u5e08\u5f1f\u963f\u675chdjsdhs hishdussh\u548c\u675c\u5e08\u5f1f\u963f\u675chdjsdhs hishdussh\u548c\u675c\u5e08\u5f1f\u963f\u675chdjsdhs hishdussh\u548c\u675c\u5e08\u5f1f\u963f\u675chdjsdhs hishdussh\u548c\u675c\u5e08\u5f1f\u963f\u675chdjsdhs hishdussh\u548c\u675c\u5e08\u5f1f\u963f\u675chdjsdhs hishdussh\u548c\u675c\u5e08\u5f1f\u963f\u675c</h3>", "author": 1, "created_time": "2021-06-22T06:15:31.707Z", "last_updated_time": "2021-06-30T09:58:04.828Z"}}, {"model": "blog.blog", "pk": 4, "fields": {"title": "shell\u6a21\u5f0f\u4e0b\u7b2c 1 \u7bc7", "blog_type": 1, "content": "shell\u6a21\u5f0f\u4e0b\u7b2c 1 \u7bc7", "author": 1, "created_time": "2021-06-29T03:01:15.780Z", "last_updated_time": "2021-06-29T03:01:15.780Z"}}, {"model": "blog.blog", "pk": 35, "fields": {"title": "for 1", "blog_type": 1, "content": "**********:1", "author": 1, "created_time": "2021-06-29T03:44:22.675Z", "last_updated_time": "2021-06-29T03:44:22.675Z"}}, {"model": "blog.blog", "pk": 36, "fields": {"title": "for 2", "blog_type": 1, "content": "**********:2", "author": 1, "created_time": "2021-06-29T03:44:22.700Z", "last_updated_time": "2021-06-29T03:44:22.700Z"}}, {"model": "blog.blog", "pk": 37, "fields": {"title": "for 3", "blog_type": 1, "content": "**********:3", "author": 1, "created_time": "2021-06-29T03:44:22.724Z", "last_updated_time": "2021-06-29T03:44:22.724Z"}}, {"model": "blog.blog", "pk": 38, "fields": {"title": "for 4", "blog_type": 1, "content": "**********:4", "author": 1, "created_time": "2021-06-29T03:44:22.748Z", "last_updated_time": "2021-06-29T03:44:22.748Z"}}, {"model": "blog.blog", "pk": 39, "fields": {"title": "for 5", "blog_type": 1, "content": "**********:5", "author": 1, "created_time": "2021-06-29T03:44:22.772Z", "last_updated_time": "2021-06-29T03:44:22.772Z"}}, {"model": "blog.blog", "pk": 40, "fields": {"title": "for 6", "blog_type": 1, "content": "**********:6", "author": 1, "created_time": "2021-06-29T03:44:22.796Z", "last_updated_time": "2021-06-29T03:44:22.796Z"}}, {"model": "blog.blog", "pk": 41, "fields": {"title": "for 7", "blog_type": 1, "content": "**********:7", "author": 1, "created_time": "2021-06-29T03:44:22.820Z", "last_updated_time": "2021-06-29T03:44:22.820Z"}}, {"model": "blog.blog", "pk": 42, "fields": {"title": "for 8", "blog_type": 1, "content": "**********:8", "author": 1, "created_time": "2021-06-29T03:44:22.844Z", "last_updated_time": "2021-06-29T03:44:22.844Z"}}, {"model": "blog.blog", "pk": 43, "fields": {"title": "for 9", "blog_type": 1, "content": "**********:9", "author": 1, "created_time": "2021-06-29T03:44:22.867Z", "last_updated_time": "2021-06-29T03:44:22.867Z"}}, {"model": "blog.blog", "pk": 44, "fields": {"title": "for 10", "blog_type": 1, "content": "**********:10", "author": 1, "created_time": "2021-06-29T03:44:22.891Z", "last_updated_time": "2021-06-29T03:44:22.891Z"}}, {"model": "blog.blog", "pk": 45, "fields": {"title": "for 11", "blog_type": 1, "content": "**********:11", "author": 1, "created_time": "2021-06-29T03:44:22.904Z", "last_updated_time": "2021-06-29T03:44:22.904Z"}}, {"model": "blog.blog", "pk": 46, "fields": {"title": "for 12", "blog_type": 1, "content": "**********:12", "author": 1, "created_time": "2021-06-29T03:44:22.928Z", "last_updated_time": "2021-06-29T03:44:22.928Z"}}, {"model": "blog.blog", "pk": 47, "fields": {"title": "for 13", "blog_type": 1, "content": "**********:13", "author": 1, "created_time": "2021-06-29T03:44:22.952Z", "last_updated_time": "2021-06-29T03:44:22.952Z"}}, {"model": "blog.blog", "pk": 48, "fields": {"title": "for 14", "blog_type": 1, "content": "**********:14", "author": 1, "created_time": "2021-06-29T03:44:22.975Z", "last_updated_time": "2021-06-29T03:44:22.975Z"}}, {"model": "blog.blog", "pk": 49, "fields": {"title": "for 15", "blog_type": 1, "content": "**********:15", "author": 1, "created_time": "2021-06-29T03:44:22.999Z", "last_updated_time": "2021-06-29T03:44:22.999Z"}}, {"model": "blog.blog", "pk": 50, "fields": {"title": "for 16", "blog_type": 1, "content": "**********:16", "author": 1, "created_time": "2021-06-29T03:44:23.023Z", "last_updated_time": "2021-06-29T03:44:23.023Z"}}, {"model": "blog.blog", "pk": 51, "fields": {"title": "for 17", "blog_type": 1, "content": "**********:17", "author": 1, "created_time": "2021-06-29T03:44:23.046Z", "last_updated_time": "2021-06-29T03:44:23.046Z"}}, {"model": "blog.blog", "pk": 52, "fields": {"title": "for 18", "blog_type": 1, "content": "**********:18", "author": 1, "created_time": "2021-06-29T03:44:23.059Z", "last_updated_time": "2021-06-29T03:44:23.059Z"}}, {"model": "blog.blog", "pk": 53, "fields": {"title": "for 19", "blog_type": 1, "content": "**********:19", "author": 1, "created_time": "2021-06-29T03:44:23.083Z", "last_updated_time": "2021-06-29T03:44:23.083Z"}}, {"model": "blog.blog", "pk": 54, "fields": {"title": "for 20", "blog_type": 1, "content": "**********:20", "author": 1, "created_time": "2021-06-29T03:44:23.106Z", "last_updated_time": "2021-06-29T03:44:23.106Z"}}, {"model": "blog.blog", "pk": 55, "fields": {"title": "for 21", "blog_type": 1, "content": "**********:21", "author": 1, "created_time": "2021-06-29T03:44:23.130Z", "last_updated_time": "2021-06-29T03:44:23.130Z"}}, {"model": "blog.blog", "pk": 56, "fields": {"title": "for 22", "blog_type": 1, "content": "**********:22", "author": 1, "created_time": "2021-06-29T03:44:23.154Z", "last_updated_time": "2021-06-29T03:44:23.154Z"}}, {"model": "blog.blog", "pk": 57, "fields": {"title": "for 23", "blog_type": 1, "content": "**********:23", "author": 1, "created_time": "2021-06-29T03:44:23.178Z", "last_updated_time": "2021-06-29T03:44:23.178Z"}}, {"model": "blog.blog", "pk": 58, "fields": {"title": "for 24", "blog_type": 1, "content": "**********:24", "author": 1, "created_time": "2021-06-29T03:44:23.190Z", "last_updated_time": "2021-06-29T03:44:23.190Z"}}, {"model": "blog.blog", "pk": 59, "fields": {"title": "for 25", "blog_type": 1, "content": "**********:25", "author": 1, "created_time": "2021-06-29T03:44:23.203Z", "last_updated_time": "2021-06-29T03:44:23.203Z"}}, {"model": "blog.blog", "pk": 60, "fields": {"title": "for 26", "blog_type": 1, "content": "**********:26", "author": 1, "created_time": "2021-06-29T03:44:23.216Z", "last_updated_time": "2021-06-29T03:44:23.216Z"}}, {"model": "blog.blog", "pk": 61, "fields": {"title": "for 27", "blog_type": 1, "content": "**********:27", "author": 1, "created_time": "2021-06-29T03:44:23.228Z", "last_updated_time": "2021-07-01T03:34:41.924Z"}}, {"model": "blog.blog", "pk": 62, "fields": {"title": "for 28", "blog_type": 1, "content": "**********:28", "author": 1, "created_time": "2021-06-29T03:44:23.241Z", "last_updated_time": "2021-06-29T03:44:23.242Z"}}, {"model": "blog.blog", "pk": 63, "fields": {"title": "for 29", "blog_type": 1, "content": "**********:29", "author": 1, "created_time": "2021-06-29T03:44:23.254Z", "last_updated_time": "2021-07-01T03:12:39.022Z"}}, {"model": "blog.blog", "pk": 64, "fields": {"title": "for 30", "blog_type": 1, "content": "**********:30", "author": 1, "created_time": "2021-06-29T03:44:23.267Z", "last_updated_time": "2021-07-01T03:31:41.893Z"}}, {"model": "comment.comment", "pk": 2, "fields": {"content_type": 7, "object_id": 64, "text": "\u76d1\u63a7", "comment_time": "2021-07-06T08:55:01.346Z", "user": 1, "root": null, "parent": null, "reply_to": null}}, {"model": "comment.comment", "pk": 3, "fields": {"content_type": 7, "object_id": 64, "text": "\u9177\u9177\u9177\u9177\u9177\u9177\u9177\u9177\u9177", "comment_time": "2021-07-06T09:16:31.778Z", "user": 1, "root": null, "parent": null, "reply_to": null}}, {"model": "comment.comment", "pk": 4, "fields": {"content_type": 7, "object_id": 64, "text": "\u6c34\u6c34\u6c34\u6c34\u6c34\u6c34\u6c34\u6c34\u6c34\u6c34\u6c34", "comment_time": "2021-07-07T08:47:27.542Z", "user": 2, "root": null, "parent": null, "reply_to": null}}, {"model": "comment.comment", "pk": 5, "fields": {"content_type": 7, "object_id": 64, "text": "565656565656", "comment_time": "2021-07-09T06:29:18.949Z", "user": 1, "root": null, "parent": null, "reply_to": null}}, {"model": "comment.comment", "pk": 6, "fields": {"content_type": 7, "object_id": 64, "text": "gggggggggggg\r\nllubu", "comment_time": "2021-07-09T07:36:35.525Z", "user": 1, "root": null, "parent": null, "reply_to": null}}, {"model": "comment.comment", "pk": 7, "fields": {"content_type": 7, "object_id": 64, "text": "<p>556654</p>", "comment_time": "2021-07-09T08:26:02.396Z", "user": 1, "root": null, "parent": null, "reply_to": null}}, {"model": "comment.comment", "pk": 8, "fields": {"content_type": 7, "object_id": 64, "text": "<p>eyhe&nbsp;</p>", "comment_time": "2021-07-09T08:56:56.125Z", "user": 1, "root": null, "parent": null, "reply_to": null}}, {"model": "comment.comment", "pk": 9, "fields": {"content_type": 7, "object_id": 64, "text": "<p>fggdgsd fsdfg</p>", "comment_time": "2021-07-09T09:13:33.856Z", "user": 1, "root": null, "parent": null, "reply_to": null}}, {"model": "comment.comment", "pk": 10, "fields": {"content_type": 7, "object_id": 64, "text": "<p>e \u53d1\u6492\u53d1 \u4e30\u5bcc\u7684</p>", "comment_time": "2021-07-09T09:28:03.728Z", "user": 1, "root": null, "parent": null, "reply_to": null}}, {"model": "comment.comment", "pk": 11, "fields": {"content_type": 7, "object_id": 64, "text": "<p>\u5927\u82cf\u6253\u7684</p>", "comment_time": "2021-07-09T09:30:59.219Z", "user": 1, "root": null, "parent": null, "reply_to": null}}, {"model": "comment.comment", "pk": 14, "fields": {"content_type": 7, "object_id": 64, "text": "<p>llllllll\u7684\u6492\u53d1\u53d1\u554a</p>", "comment_time": "2021-07-13T03:06:50.815Z", "user": 1, "root": null, "parent": null, "reply_to": null}}, {"model": "comment.comment", "pk": 15, "fields": {"content_type": 7, "object_id": 64, "text": "<p>555555555555555\u8003\u8651\u8003\u8651</p>", "comment_time": "2021-07-13T05:51:55.602Z", "user": 1, "root": 14, "parent": 14, "reply_to": 1}}, {"model": "comment.comment", "pk": 16, "fields": {"content_type": 7, "object_id": 64, "text": "<p>jdklad as daksdjald</p>", "comment_time": "2021-07-13T07:19:27.940Z", "user": 1, "root": 14, "parent": 14, "reply_to": 1}}, {"model": "comment.comment", "pk": 17, "fields": {"content_type": 7, "object_id": 64, "text": "<p>gsf sg sg sgghhd \u53d1E</p>", "comment_time": "2021-07-13T07:19:40.102Z", "user": 1, "root": 14, "parent": 15, "reply_to": 1}}, {"model": "comment.comment", "pk": 19, "fields": {"content_type": 7, "object_id": 64, "text": "<p>&nbsp;\u5b98\u65b9\u7684\u548c \u9ad8\u5cf0\u65f6\u6bb5\u8ddf\u8c01\u7684\u7ed9</p>", "comment_time": "2021-07-13T07:28:33.442Z", "user": 1, "root": 14, "parent": 14, "reply_to": 1}}, {"model": "comment.comment", "pk": 20, "fields": {"content_type": 7, "object_id": 64, "text": "<p>\u516c\u53f8\u9ad8\u5bcc\u5e05\u7ed9\u5c81\u7684\u6cd5\u56fd\u58eb\u5927\u592b\u544a\u8bc9\u5bf9\u65b9\u662f\u4e2a\u53d1</p>", "comment_time": "2021-07-13T07:28:45.984Z", "user": 1, "root": 10, "parent": 10, "reply_to": 1}}, {"model": "comment.comment", "pk": 21, "fields": {"content_type": 7, "object_id": 63, "text": "<p>d&nbsp; \u8bb0\u5f97\u4e5d\u5341\u5e74\u4ee3\u75af\u72c2\u6492</p>", "comment_time": "2021-07-14T06:15:37.323Z", "user": 1, "root": null, "parent": null, "reply_to": null}}, {"model": "comment.comment", "pk": 22, "fields": {"content_type": 7, "object_id": 62, "text": "<p>\u53d1\u53d1\u5c04\u70b9\u53d1\u7684\u53d1\u7684</p>", "comment_time": "2021-07-14T06:33:27.021Z", "user": 1, "root": null, "parent": null, "reply_to": null}}, {"model": "comment.comment", "pk": 23, "fields": {"content_type": 7, "object_id": 62, "text": "<p>\u53d1\u8fbe\u7684\u53d1\u751f\u7684\u65b9\u5f0f\u68b5\u8482\u5188</p>", "comment_time": "2021-07-14T06:33:32.188Z", "user": 1, "root": 22, "parent": 22, "reply_to": 1}}, {"model": "comment.comment", "pk": 24, "fields": {"content_type": 7, "object_id": 62, "text": "<p>\u7a7a\u6d1e\u800c\u7269\u54c1\u4e8c\u5206\u53d1\u4ffa\u662f\u4e2a</p>", "comment_time": "2021-07-14T06:33:42.063Z", "user": 1, "root": 22, "parent": 23, "reply_to": 1}}, {"model": "comment.comment", "pk": 25, "fields": {"content_type": 7, "object_id": 62, "text": "<p>\u5ba2<strong>\u5bb6</strong><u>\u8bdd\u8f89</u><span style=\"color:#c0392b\">\u714c</span><em>\u79d1</em>\u6280<span style=\"background-color:#27ae60\">\u9632\u5fa1u</span></p>", "comment_time": "2021-07-14T06:59:10.026Z", "user": 1, "root": 22, "parent": 22, "reply_to": 1}}, {"model": "comment.comment", "pk": 26, "fields": {"content_type": 7, "object_id": 64, "text": "<p>sg f FDSG DS AS GAGfds a\u7684\u65b9\u5f0f\u554a</p>", "comment_time": "2021-07-16T05:46:45.591Z", "user": 1, "root": null, "parent": null, "reply_to": null}}, {"model": "comment.comment", "pk": 27, "fields": {"content_type": 7, "object_id": 64, "text": "<p>&nbsp;\u901a\u8bdd\u8d39\u66f4\u597d\u7684\u7b26\u53f7\u7684\u98ce\u683c\u548c\u662f\u4e2a</p>", "comment_time": "2021-07-16T05:46:59.852Z", "user": 1, "root": 26, "parent": 26, "reply_to": 1}}, {"model": "comment.comment", "pk": 28, "fields": {"content_type": 7, "object_id": 64, "text": "<p>\u5173\u4e8e\u53d1\u8a00\u63d0\u7eb2\u548c\u98ce\u683c\u548c\u4e86\u4e86h</p>", "comment_time": "2021-07-23T06:55:13.077Z", "user": 3, "root": 26, "parent": 27, "reply_to": 1}}, {"model": "comment.comment", "pk": 29, "fields": {"content_type": 7, "object_id": 64, "text": "<p>\u7ed3\u5a5a\u540e\u6709\u597d\u611f\u66f4\u597d \u89c4\u5212\u5c40\u673a\u4f1a\u5c31\u7ed3\u5a5a\u5ba2\u89c2\u73af\u5883\u4f30\u8ba1 \u7ed3\u5a5a&nbsp;</p>", "comment_time": "2021-07-26T02:14:37.769Z", "user": 1, "root": 26, "parent": 28, "reply_to": 3}}, {"model": "comment.comment", "pk": 30, "fields": {"content_type": 7, "object_id": 64, "text": "<p>hjkkjh\u6492\u6253\u53d1\u53cd\u5bf9\u6cd5\u8d76\u7d27\u6062\u590d\u9aa8\u7ed3\u6838</p>", "comment_time": "2021-07-26T02:48:11.285Z", "user": 3, "root": null, "parent": null, "reply_to": null}}, {"model": "comment.comment", "pk": 31, "fields": {"content_type": 7, "object_id": 64, "text": "<p>\u5c31\u770b\u89c1\u7acb\u523b\u5065\u5eb7\u7b80\u5386\u5e93\u8fdb\u53e3\u91cf\u5c31\u4e86\u5065\u5eb7</p>", "comment_time": "2021-07-26T02:51:08.990Z", "user": 3, "root": null, "parent": null, "reply_to": null}}, {"model": "comment.comment", "pk": 32, "fields": {"content_type": 7, "object_id": 64, "text": "<p>\u73af\u5883\u5f00\u4f1a\u79ef\u5206\u5361\u7684\u53d1\u6325\u9759\u5b89\u5206\u5c40\u554a\u554a\u79d1\u6280\u53d1\u8fbe\u54c8\u4f5b</p>", "comment_time": "2021-07-26T02:52:01.668Z", "user": 1, "root": 31, "parent": 31, "reply_to": 3}}, {"model": "comment.comment", "pk": 33, "fields": {"content_type": 7, "object_id": 64, "text": "<p>\u72af\u5f97\u4e0a\u53d1\u751f\u7684\u8bf4\u6cd5\u662f\u6492\u7ed9\u53cd\u5012</p>", "comment_time": "2021-07-26T02:53:49.367Z", "user": 1, "root": 31, "parent": 31, "reply_to": 3}}, {"model": "comment.comment", "pk": 34, "fields": {"content_type": 7, "object_id": 64, "text": "<p>\u6492\u5927\u5927\u5e7f\u6cdb\u7684\u4e30\u5bcc\u7684\u597d\u7684\u66f4\u591a\u7ed9</p>", "comment_time": "2021-07-26T02:56:11.477Z", "user": 1, "root": 31, "parent": 31, "reply_to": 3}}, {"model": "comment.comment", "pk": 35, "fields": {"content_type": 7, "object_id": 64, "text": "<p>\u89e3\u5f00\u4e86JFK\u9c81\u5927\u5e08\u5c31\u53d1\u7eff\u5361\u53d1\u653e\u514b\u62c9\u65af\u8179\u808c\u62c9\u4f24</p>", "comment_time": "2021-07-26T03:14:54.283Z", "user": 1, "root": 31, "parent": 31, "reply_to": 3}}, {"model": "comment.comment", "pk": 36, "fields": {"content_type": 7, "object_id": 64, "text": "<p>\u89d2\u5ea6\u770b\u5783\u573e\u662f\u5355\u5361\u6536\u5f55\u673a\u5496\u5561\u673a\u6263\u7bee\u5927\u8d5b\u53d1</p>", "comment_time": "2021-07-26T03:16:09.036Z", "user": 1, "root": 31, "parent": 31, "reply_to": 3}}, {"model": "comment.comment", "pk": 37, "fields": {"content_type": 7, "object_id": 64, "text": "<p>\u5c31\u770b\u5927\u5bb6\u6765\u5230\u5361\u62c9\u7684\u5566\u6253\u5f00\u62c9\u8428</p>", "comment_time": "2021-07-26T03:45:40.323Z", "user": 1, "root": 31, "parent": 31, "reply_to": 3}}, {"model": "comment.comment", "pk": 38, "fields": {"content_type": 7, "object_id": 64, "text": "<p>\u7684\u9a84\u50b2\u6606\u4ed1\u5251\u6cd5\u4e86</p>", "comment_time": "2021-07-26T03:47:18.742Z", "user": 1, "root": 31, "parent": 31, "reply_to": 3}}, {"model": "likes.likerecord", "pk": 6, "fields": {"content_type": 7, "object_id": 59, "user": 1, "liked_time": "2021-07-15T08:09:18.595Z"}}, {"model": "likes.likerecord", "pk": 31, "fields": {"content_type": 7, "object_id": 61, "user": 1, "liked_time": "2021-07-15T09:09:40.128Z"}}, {"model": "likes.likerecord", "pk": 36, "fields": {"content_type": 7, "object_id": 62, "user": 1, "liked_time": "2021-07-15T09:10:29.159Z"}}, {"model": "likes.likerecord", "pk": 48, "fields": {"content_type": 12, "object_id": 22, "user": 1, "liked_time": "2021-07-15T09:10:43.886Z"}}, {"model": "likes.likerecord", "pk": 76, "fields": {"content_type": 7, "object_id": 64, "user": 1, "liked_time": "2021-07-19T01:31:51.063Z"}}, {"model": "likes.likerecord", "pk": 77, "fields": {"content_type": 12, "object_id": 26, "user": 1, "liked_time": "2021-07-19T01:31:54.636Z"}}, {"model": "likes.likerecord", "pk": 78, "fields": {"content_type": 12, "object_id": 27, "user": 1, "liked_time": "2021-07-19T01:31:55.677Z"}}, {"model": "likes.likerecord", "pk": 83, "fields": {"content_type": 12, "object_id": 27, "user": 3, "liked_time": "2021-07-23T06:55:01.769Z"}}, {"model": "user.profile", "pk": 1, "fields": {"user": 1, "nickname": "ZIU_zixu"}}, {"model": "user.profile", "pk": 2, "fields": {"user": 2, "nickname": "Visitor"}}, {"model": "admin.logentry", "pk": 1, "fields": {"action_time": "2021-06-18T03:55:21.039Z", "user": 1, "content_type": 8, "object_id": "1", "object_repr": "BlogType object (1)", "action_flag": 1, "change_message": "[{\"added\": {}}]"}}, {"model": "admin.logentry", "pk": 2, "fields": {"action_time": "2021-06-18T05:22:11.804Z", "user": 1, "content_type": 8, "object_id": "2", "object_repr": "BlogType object (2)", "action_flag": 1, "change_message": "[{\"added\": {}}]"}}, {"model": "admin.logentry", "pk": 3, "fields": {"action_time": "2021-06-18T05:22:18.299Z", "user": 1, "content_type": 8, "object_id": "3", "object_repr": "BlogType object (3)", "action_flag": 1, "change_message": "[{\"added\": {}}]"}}, {"model": "admin.logentry", "pk": 4, "fields": {"action_time": "2021-06-18T05:27:50.872Z", "user": 1, "content_type": 7, "object_id": "1", "object_repr": "<Blog:>one", "action_flag": 1, "change_message": "[{\"added\": {}}]"}}, {"model": "admin.logentry", "pk": 5, "fields": {"action_time": "2021-06-22T06:06:48.783Z", "user": 1, "content_type": 7, "object_id": "2", "object_repr": "<Blog:>two", "action_flag": 1, "change_message": "[{\"added\": {}}]"}}, {"model": "admin.logentry", "pk": 6, "fields": {"action_time": "2021-06-22T06:15:31.708Z", "user": 1, "content_type": 7, "object_id": "3", "object_repr": "<Blog:>\u957f\u5185\u5bb9\u7684\u535a\u5ba2", "action_flag": 1, "change_message": "[{\"added\": {}}]"}}, {"model": "admin.logentry", "pk": 7, "fields": {"action_time": "2021-06-29T03:35:38.459Z", "user": 1, "content_type": 7, "object_id": "34", "object_repr": "<Blog:>", "action_flag": 3, "change_message": ""}}, {"model": "admin.logentry", "pk": 8, "fields": {"action_time": "2021-06-29T03:35:38.486Z", "user": 1, "content_type": 7, "object_id": "33", "object_repr": "<Blog:>", "action_flag": 3, "change_message": ""}}, {"model": "admin.logentry", "pk": 9, "fields": {"action_time": "2021-06-29T03:35:38.509Z", "user": 1, "content_type": 7, "object_id": "32", "object_repr": "<Blog:>", "action_flag": 3, "change_message": ""}}, {"model": "admin.logentry", "pk": 10, "fields": {"action_time": "2021-06-29T03:35:38.533Z", "user": 1, "content_type": 7, "object_id": "31", "object_repr": "<Blog:>", "action_flag": 3, "change_message": ""}}, {"model": "admin.logentry", "pk": 11, "fields": {"action_time": "2021-06-29T03:35:38.558Z", "user": 1, "content_type": 7, "object_id": "30", "object_repr": "<Blog:>", "action_flag": 3, "change_message": ""}}, {"model": "admin.logentry", "pk": 12, "fields": {"action_time": "2021-06-29T03:35:38.582Z", "user": 1, "content_type": 7, "object_id": "29", "object_repr": "<Blog:>", "action_flag": 3, "change_message": ""}}, {"model": "admin.logentry", "pk": 13, "fields": {"action_time": "2021-06-29T03:35:38.606Z", "user": 1, "content_type": 7, "object_id": "28", "object_repr": "<Blog:>", "action_flag": 3, "change_message": ""}}, {"model": "admin.logentry", "pk": 14, "fields": {"action_time": "2021-06-29T03:35:38.630Z", "user": 1, "content_type": 7, "object_id": "27", "object_repr": "<Blog:>", "action_flag": 3, "change_message": ""}}, {"model": "admin.logentry", "pk": 15, "fields": {"action_time": "2021-06-29T03:35:38.643Z", "user": 1, "content_type": 7, "object_id": "26", "object_repr": "<Blog:>", "action_flag": 3, "change_message": ""}}, {"model": "admin.logentry", "pk": 16, "fields": {"action_time": "2021-06-29T03:35:38.668Z", "user": 1, "content_type": 7, "object_id": "25", "object_repr": "<Blog:>", "action_flag": 3, "change_message": ""}}, {"model": "admin.logentry", "pk": 17, "fields": {"action_time": "2021-06-29T03:35:38.692Z", "user": 1, "content_type": 7, "object_id": "24", "object_repr": "<Blog:>", "action_flag": 3, "change_message": ""}}, {"model": "admin.logentry", "pk": 18, "fields": {"action_time": "2021-06-29T03:35:38.716Z", "user": 1, "content_type": 7, "object_id": "23", "object_repr": "<Blog:>", "action_flag": 3, "change_message": ""}}, {"model": "admin.logentry", "pk": 19, "fields": {"action_time": "2021-06-29T03:35:38.740Z", "user": 1, "content_type": 7, "object_id": "22", "object_repr": "<Blog:>", "action_flag": 3, "change_message": ""}}, {"model": "admin.logentry", "pk": 20, "fields": {"action_time": "2021-06-29T03:35:38.765Z", "user": 1, "content_type": 7, "object_id": "21", "object_repr": "<Blog:>", "action_flag": 3, "change_message": ""}}, {"model": "admin.logentry", "pk": 21, "fields": {"action_time": "2021-06-29T03:35:38.789Z", "user": 1, "content_type": 7, "object_id": "20", "object_repr": "<Blog:>", "action_flag": 3, "change_message": ""}}, {"model": "admin.logentry", "pk": 22, "fields": {"action_time": "2021-06-29T03:35:38.814Z", "user": 1, "content_type": 7, "object_id": "19", "object_repr": "<Blog:>", "action_flag": 3, "change_message": ""}}, {"model": "admin.logentry", "pk": 23, "fields": {"action_time": "2021-06-29T03:35:38.838Z", "user": 1, "content_type": 7, "object_id": "18", "object_repr": "<Blog:>", "action_flag": 3, "change_message": ""}}, {"model": "admin.logentry", "pk": 24, "fields": {"action_time": "2021-06-29T03:35:38.863Z", "user": 1, "content_type": 7, "object_id": "17", "object_repr": "<Blog:>", "action_flag": 3, "change_message": ""}}, {"model": "admin.logentry", "pk": 25, "fields": {"action_time": "2021-06-29T03:35:38.887Z", "user": 1, "content_type": 7, "object_id": "16", "object_repr": "<Blog:>", "action_flag": 3, "change_message": ""}}, {"model": "admin.logentry", "pk": 26, "fields": {"action_time": "2021-06-29T03:35:38.911Z", "user": 1, "content_type": 7, "object_id": "15", "object_repr": "<Blog:>", "action_flag": 3, "change_message": ""}}, {"model": "admin.logentry", "pk": 27, "fields": {"action_time": "2021-06-29T03:35:38.936Z", "user": 1, "content_type": 7, "object_id": "14", "object_repr": "<Blog:>", "action_flag": 3, "change_message": ""}}, {"model": "admin.logentry", "pk": 28, "fields": {"action_time": "2021-06-29T03:35:38.960Z", "user": 1, "content_type": 7, "object_id": "13", "object_repr": "<Blog:>", "action_flag": 3, "change_message": ""}}, {"model": "admin.logentry", "pk": 29, "fields": {"action_time": "2021-06-29T03:35:38.974Z", "user": 1, "content_type": 7, "object_id": "12", "object_repr": "<Blog:>", "action_flag": 3, "change_message": ""}}, {"model": "admin.logentry", "pk": 30, "fields": {"action_time": "2021-06-29T03:35:38.987Z", "user": 1, "content_type": 7, "object_id": "11", "object_repr": "<Blog:>", "action_flag": 3, "change_message": ""}}, {"model": "admin.logentry", "pk": 31, "fields": {"action_time": "2021-06-29T03:35:39.001Z", "user": 1, "content_type": 7, "object_id": "10", "object_repr": "<Blog:>", "action_flag": 3, "change_message": ""}}, {"model": "admin.logentry", "pk": 32, "fields": {"action_time": "2021-06-29T03:35:39.014Z", "user": 1, "content_type": 7, "object_id": "9", "object_repr": "<Blog:>", "action_flag": 3, "change_message": ""}}, {"model": "admin.logentry", "pk": 33, "fields": {"action_time": "2021-06-29T03:35:39.028Z", "user": 1, "content_type": 7, "object_id": "8", "object_repr": "<Blog:>", "action_flag": 3, "change_message": ""}}, {"model": "admin.logentry", "pk": 34, "fields": {"action_time": "2021-06-29T03:35:39.041Z", "user": 1, "content_type": 7, "object_id": "7", "object_repr": "<Blog:>", "action_flag": 3, "change_message": ""}}, {"model": "admin.logentry", "pk": 35, "fields": {"action_time": "2021-06-29T03:35:39.054Z", "user": 1, "content_type": 7, "object_id": "6", "object_repr": "<Blog:>", "action_flag": 3, "change_message": ""}}, {"model": "admin.logentry", "pk": 36, "fields": {"action_time": "2021-06-29T03:35:39.067Z", "user": 1, "content_type": 7, "object_id": "5", "object_repr": "<Blog:>", "action_flag": 3, "change_message": ""}}, {"model": "admin.logentry", "pk": 37, "fields": {"action_time": "2021-06-30T09:24:41.424Z", "user": 1, "content_type": 7, "object_id": "3", "object_repr": "<Blog:>\u957f\u5185\u5bb9\u7684\u535a\u5ba2", "action_flag": 2, "change_message": "[{\"changed\": {\"fields\": [\"content\"]}}]"}}, {"model": "admin.logentry", "pk": 38, "fields": {"action_time": "2021-06-30T09:58:04.830Z", "user": 1, "content_type": 7, "object_id": "3", "object_repr": "<Blog:>\u957f\u5185\u5bb9\u7684\u535a\u5ba2", "action_flag": 2, "change_message": "[{\"changed\": {\"fields\": [\"content\"]}}]"}}, {"model": "admin.logentry", "pk": 39, "fields": {"action_time": "2021-07-01T05:31:30.977Z", "user": 1, "content_type": 9, "object_id": "1", "object_repr": "ReadNum object (1)", "action_flag": 1, "change_message": "[{\"added\": {}}]"}}, {"model": "admin.logentry", "pk": 40, "fields": {"action_time": "2021-07-01T07:20:29.758Z", "user": 1, "content_type": 10, "object_id": "1", "object_repr": "ReadNum object (1)", "action_flag": 1, "change_message": "[{\"added\": {}}]"}}, {"model": "admin.logentry", "pk": 41, "fields": {"action_time": "2021-07-02T05:55:31.198Z", "user": 1, "content_type": 11, "object_id": "1", "object_repr": "ReadDetail object (1)", "action_flag": 1, "change_message": "[{\"added\": {}}]"}}, {"model": "admin.logentry", "pk": 42, "fields": {"action_time": "2021-07-05T07:13:20.916Z", "user": 1, "content_type": 11, "object_id": "5", "object_repr": "ReadDetail object (5)", "action_flag": 2, "change_message": "[{\"changed\": {\"fields\": [\"date\"]}}]"}}, {"model": "admin.logentry", "pk": 43, "fields": {"action_time": "2021-07-13T02:27:07.253Z", "user": 1, "content_type": 12, "object_id": "13", "object_repr": "2333333333", "action_flag": 1, "change_message": "[{\"added\": {}}]"}}, {"model": "admin.logentry", "pk": 44, "fields": {"action_time": "2021-07-14T07:04:39.753Z", "user": 1, "content_type": 12, "object_id": "1", "object_repr": "\u3010\u6015", "action_flag": 3, "change_message": ""}}, {"model": "admin.logentry", "pk": 45, "fields": {"action_time": "2021-07-14T07:11:36.897Z", "user": 1, "content_type": 12, "object_id": "12", "object_repr": "<p>\u54c8\u54c8\u54c8\u54c8\u54c8\u54c8\u54c8\u54c8\u54c8\u54c8\u54c8</p>", "action_flag": 3, "change_message": ""}}, {"model": "admin.logentry", "pk": 46, "fields": {"action_time": "2021-07-14T07:15:05.460Z", "user": 1, "content_type": 12, "object_id": "12", "object_repr": "<p>\u54c8\u54c8\u54c8\u54c8\u54c8\u54c8\u54c8\u54c8\u54c8\u54c8\u54c8</p>", "action_flag": 3, "change_message": ""}}, {"model": "admin.logentry", "pk": 47, "fields": {"action_time": "2021-07-15T09:09:23.901Z", "user": 1, "content_type": 13, "object_id": "4", "object_repr": "LikeCount object (4)", "action_flag": 2, "change_message": "[{\"changed\": {\"fields\": [\"liked_num\"]}}]"}}, {"model": "admin.logentry", "pk": 48, "fields": {"action_time": "2021-07-15T09:10:07.150Z", "user": 1, "content_type": 13, "object_id": "3", "object_repr": "LikeCount object (3)", "action_flag": 2, "change_message": "[{\"changed\": {\"fields\": [\"liked_num\"]}}]"}}, {"model": "admin.logentry", "pk": 49, "fields": {"action_time": "2021-07-15T09:10:14.028Z", "user": 1, "content_type": 13, "object_id": "1", "object_repr": "LikeCount object (1)", "action_flag": 2, "change_message": "[{\"changed\": {\"fields\": [\"liked_num\"]}}]"}}, {"model": "admin.logentry", "pk": 50, "fields": {"action_time": "2021-07-19T07:17:22.783Z", "user": 1, "content_type": 15, "object_id": "1", "object_repr": "<Profile: ZIU for ziu>", "action_flag": 1, "change_message": "[{\"added\": {}}]"}}, {"model": "admin.logentry", "pk": 51, "fields": {"action_time": "2021-07-19T07:17:38.838Z", "user": 1, "content_type": 15, "object_id": "2", "object_repr": "<Profile: Visitor for 1111111>", "action_flag": 1, "change_message": "[{\"added\": {}}]"}}, {"model": "admin.logentry", "pk": 52, "fields": {"action_time": "2021-07-22T07:18:30.225Z", "user": 1, "content_type": 4, "object_id": "1", "object_repr": "ziu", "action_flag": 2, "change_message": "[{\"changed\": {\"fields\": [\"email\", \"last_login\"]}}]"}}, {"model": "admin.logentry", "pk": 53, "fields": {"action_time": "2021-07-22T07:18:36.953Z", "user": 1, "content_type": 4, "object_id": "2", "object_repr": "1111111", "action_flag": 2, "change_message": "[{\"changed\": {\"fields\": [\"email\", \"last_login\"]}}]"}}, {"model": "admin.logentry", "pk": 54, "fields": {"action_time": "2021-07-22T07:19:27.405Z", "user": 1, "content_type": 4, "object_id": "1", "object_repr": "ziu", "action_flag": 2, "change_message": "[{\"changed\": {\"fields\": [\"email\"]}}]"}}]